<?xml version="1.0"?>
<users>
  <user>
     <id>1</id>
     <firstName>Wahid</firstName>
     <lastName>Sadik</lastName>
     <day>11</day>
	 <month>08</month>
	 <year>1995</year>
     <gender>male</gender>
     <phone>01733690114</phone>
     <email>wahidsadik55@gmail.com</email>
     <pass>123456</pass>
     <conPass>123456</conPass>
     <userType>Admin</userType>
  </user>



<user><id>4</id>
<firstName>Rajab</firstName>
<lastName>Ali</lastName>
<day>3</day>
<month>02</month>
<year>1960</year>
<gender>male</gender>
<phone>01712690567</phone>
<email>rajabAli100@gmail.com</email>
<pass>rajabswapnil</pass>
<conPass>rajabswapnil</conPass>
<userType>Admin</userType>
</user>
</users>
